Workbook

Sheet Hoja1
A1: Diario | B1: Ruta | C1: Viajes Por Ruta | D1: Prueba | E1: SEM | F1: =IFERROR(VLOOKUP(I1,data!A:B,2,FALSE),"Nombre Tienda/Club") -> Nombre Tienda/Club | G1: Salida | H1: Folio contpaq | I1: Producto | J1: Unidades | K1: =IFERROR(VLOOKUP(I1,data!E:F,2,FALSE),"Precio Unidad") -> Precio Unidad | L1: Venta Total
A2: 46144 | F2: =IFERROR(VLOOKUP(G2, data!A:B, 2, FALSE), "Tienda") -> SC TECATE GARITA | G2: 5295 | H2: 540 | I2: BOUQUET MIXTO 12 T | J2: 8 | K2: =IFERROR(VLOOKUP(I2, data!E:F, 2, FALSE), "Precio Unidad") -> 151 | L2: =K2*J2 -> 1208
A3: 46144 | F3: =IFERROR(VLOOKUP(G3, data!A:B, 2, FALSE), "Tienda") -> SC TECATE GARITA | G3: 5295 | H3: 540 | I3: BOUQUET MIXTO 9 T | J3: 20 | K3: =IFERROR(VLOOKUP(I3, data!E:F, 2, FALSE), "Precio Unidad") -> 95 | L3: =K3*J3 -> 1900
A4: 46144 | F4: =IFERROR(VLOOKUP(G4, data!A:B, 2, FALSE), "Tienda") -> SC TECATE GARITA | G4: 5295 | H4: 540 | I4: BQT SNAPDRAGON 8 T | J4: 8 | K4: =IFERROR(VLOOKUP(I4, data!E:F, 2, FALSE), "Precio Unidad") -> 63 | L4: =K4*J4 -> 504
A5: 46144 | F5: =IFERROR(VLOOKUP(G5, data!A:B, 2, FALSE), "Tienda") -> SC NUEVO MEXICALI | G5: 5041 | H5: 541 | I5: BOUQUET MIXTO 12 T | J5: 8 | K5: =IFERROR(VLOOKUP(I5, data!E:F, 2, FALSE), "Precio Unidad") -> 151 | L5: =K5*J5 -> 1208
A6: 46144 | F6: =IFERROR(VLOOKUP(G6, data!A:B, 2, FALSE), "Tienda") -> SC NUEVO MEXICALI | G6: 5041 | H6: 541 | I6: BOUQUET MIXTO 15 T | J6: 8 | K6: =IFERROR(VLOOKUP(I6, data!E:F, 2, FALSE), "Precio Unidad") -> 177 | L6: =K6*J6 -> 1416
A7: 46144 | F7: =IFERROR(VLOOKUP(G7, data!A:B, 2, FALSE), "Tienda") -> SC NUEVO MEXICALI | G7: 5041 | H7: 541 | I7: BOUQUET MIXTO 9 T | J7: 20 | K7: =IFERROR(VLOOKUP(I7, data!E:F, 2, FALSE), "Precio Unidad") -> 95 | L7: =K7*J7 -> 1900
A8: 46144 | F8: =IFERROR(VLOOKUP(G8, data!A:B, 2, FALSE), "Tienda") -> SC NUEVO MEXICALI | G8: 5041 | H8: 541 | I8: BQT SNAPDRAGON 8 T | J8: 8 | K8: =IFERROR(VLOOKUP(I8, data!E:F, 2, FALSE), "Precio Unidad") -> 63 | L8: =K8*J8 -> 504
A9: 46144 | F9: =IFERROR(VLOOKUP(G9, data!A:B, 2, FALSE), "Tienda") -> SC GALERIAS DEL VALLE | G9: 4026 | H9: 542 | I9: BOUQUET MIXTO 12 T | J9: 8 | K9: =IFERROR(VLOOKUP(I9, data!E:F, 2, FALSE), "Precio Unidad") -> 151 | L9: =K9*J9 -> 1208
A10: 46144 | F10: =IFERROR(VLOOKUP(G10, data!A:B, 2, FALSE), "Tienda") -> SC GALERIAS DEL VALLE | G10: 4026 | H10: 542 | I10: BOUQUET MIXTO 9 T | J10: 20 | K10: =IFERROR(VLOOKUP(I10, data!E:F, 2, FALSE), "Precio Unidad") -> 95 | L10: =K10*J10 -> 1900
A11: 46144 | F11: =IFERROR(VLOOKUP(G11, data!A:B, 2, FALSE), "Tienda") -> SC GALERIAS DEL VALLE | G11: 4026 | H11: 542 | I11: BQT SNAPDRAGON 8 T | J11: 8 | K11: =IFERROR(VLOOKUP(I11, data!E:F, 2, FALSE), "Precio Unidad") -> 63 | L11: =K11*J11 -> 504
A12: 46144 | F12: =IFERROR(VLOOKUP(G12, data!A:B, 2, FALSE), "Tienda") -> SC MEXICALI | G12: 2304 | H12: 543 | I12: BOUQUET MIXTO 12 T | J12: 8 | K12: =IFERROR(VLOOKUP(I12, data!E:F, 2, FALSE), "Precio Unidad") -> 151 | L12: =K12*J12 -> 1208
A13: 46144 | F13: =IFERROR(VLOOKUP(G13, data!A:B, 2, FALSE), "Tienda") -> SC MEXICALI | G13: 2304 | H13: 543 | I13: BOUQUET MIXTO 15 T | J13: 8 | K13: =IFERROR(VLOOKUP(I13, data!E:F, 2, FALSE), "Precio Unidad") -> 177 | L13: =K13*J13 -> 1416
... A1250: 46223 | F1250: =IFERROR(VLOOKUP(G1250, data!A:B, 2, FALSE), "Tienda") -> SC ENSENADA CENTRO | G1250: 2947 | H1250: 921 | I1250: BQT SNAPDRAGON 8 T | J1250: 16 | K1250: =IFERROR(VLOOKUP(I1250, data!E:F, 2, FALSE), "Precio Unidad") -> 63 | L1250: =K1250*J1250 -> 1008

Sheet data
A1: ID | B1: Sucurzal | C1: Ruta | E1: ARTICULO | F1: Precio Unidad | H1: ARTICULO | I1: Precios Finca | K1: ARTICULO | L1: C.Entrega
A2: 190 | B2: SC LOMAS DE SANTA FE | C2: Rutas Playas | E2: 12 ROSAS | F2: 148 | H2: 12 ROSAS | I2: 113.03 | K2: 12 ROSAS | L2: 20
A3: 2947 | B3: SC ENSENADA CENTRO | C3: ENS | E3: 6 ROSAS | F3: 90 | H3: 6 ROSAS | I3: 65.99 | K3: 6 ROSAS | L3: 15
A4: 3015 | B4: SC ENSENADA | C4: ENS | E4: BOUQUET ROSAS 12 T | F4: 167 | H4: BOUQUET ROSAS 12 T | I4: 145 | K4: BOUQUET ROSAS 12 T | L4: 20
A5: 4187 | B5: SC ROSARITO | C5: Rutas Playas | E5: BOUQUET ROSAS 6 T | F5: 113 | H5: BOUQUET ROSAS 6 T | I5: 96 | K5: BOUQUET ROSAS 6 T | L5: 15
A6: 1613 | B6: SC PLAYAS DE TIJUANA | C6: Rutas Playas | E6: BQT MINI CLAVEL 8 T | F6: 79 | H6: BQT MINI CLAVEL 8 T | I6: 51.79 | K6: BQT MINI CLAVEL 8 T | L6: 15
A7: 2023 | B7: SC MACROPLAZA INSURGENTES | C7: Ruta 2000 | E7: BQT ALSTROEMERI 8 T | F7: 83 | H7: BQT ALSTROEMERI 8 T | I7: 54.86 | K7: BQT ALSTROEMERI 8 T | L7: 15
A8: 3664 | B8: SC DIAZ ORDAZ | C8: Ruta 2000 | E8: BQT LILI ASIATIC 6 T | F8: 140 | H8: BQT LILI ASIATIC 6 T | I8: 104 | K8: BQT LILI ASIATIC 6 T | L8: 15
A9: 4011 | B9: SC TIJUANA HIPODROMO | C9: Ruta 2000 | E9: BOUQUET GIRASOL 6 T | F9: 58 | H9: BOUQUET GIRASOL 6 T | I9: 39 | K9: BOUQUET GIRASOL 6 T | L9: 10
A10: 1616 | B10: SC PACIFICO | C10: Rutas Playas | E10: BQT SNAPDRAGON 8 T | F10: 63 | H10: BQT SNAPDRAGON 8 T | I10: 42.71 | K10: BQT SNAPDRAGON 8 T | L10: 10
A11: 4155 | B11: SC TIJUANA 2000 | C11: Ruta 2000 | E11: BOUQUET MIXTO 15 T | F11: 177 | H11: BOUQUET MIXTO 15 T | I11: 130 | K11: BOUQUET MIXTO 15 T | L11: 23
A12: 1617 | B12: SC MEXICALI NOVENA | C12: MXL 2 | E12: BOUQUET MIXTO 12 T | F12: 151 | H12: BOUQUET MIXTO 12 T | I12: 105 | K12: BOUQUET MIXTO 12 T | L12: 23
A13: 1140 | B13: SC PLAZA SAN PEDRO | C13: MXL 2 | E13: BOUQUET MIXTO 9 T | F13: 95 | H13: BOUQUET MIXTO 9 T | I13: 70 | K13: BOUQUET MIXTO 9 T | L13: 15
... A17: 5041 | B17: SC NUEVO MEXICALI | C17: MXL 2 | E17: JARRON 18T | F17: 445 | H17: JARRON 18T | I17: 432.35 | K17: JARRON 18T | L17: 10
E18: ROSA 12 TALLOS | F18: 182 | H18: ROSA 12 TALLOS
E19: BQT ROSA 18 TALLOS | F19: 307 | H19: BQT MIXTO M
E20: BQT MIXTO M | F20: 175 | H20: JARRÓN
E21: JARRÓN | F21: 393 | H21: BQT MIXTO PREMIUM
E22: BQT MIXTO PREMIUM | F22: 265 | H22: BQT ROSA 18 TALLOS
